{"cameraMode":{"drawMode":0,"name":"Shaded","section":"Shading Mode"},"sceneLighting":true,"audioPlay":false,"sceneViewState":{"m_AlwaysRefresh":false,"showFog":true,"showSkybox":true,"showFlares":true,"showImageEffects":true,"showParticleSystems":true,"showVisualEffectGraphs":true,"m_FxEnabled":true},"in2DMode":false,"pivot":{"x":-31.725826263427736,"y":24.483367919921876,"z":-46.51878356933594},"rotation":{"x":0.6857331395149231,"y":-0.011637070216238499,"z":0.011659760028123856,"w":0.7281531691551209},"size":12.12435531616211,"orthographic":false}